{
    "static": {
        "mean": 0.5854771220332198,
        "std": 0.007795791641004316,
        "raw": [
            0.5935671206065594,
            0.5809543979622067,
            0.5851113539669137,
            0.5941892277447774,
            0.5735635098856416
        ]
    },
    "rar": {
        "mean": 0.5641356677502508,
        "std": 0.007750550793455206,
        "raw": [
            0.5669592677101938,
            0.5647707866078867,
            0.5674967253882052,
            0.5720709924207765,
            0.5493805666241919
        ]
    },
    "tvar": {
        "mean": 0.4176697986785281,
        "std": 0.12125967322081585,
        "raw": [
            0.33189457293279484,
            0.5620744858919401,
            0.5697113799248621,
            0.3132431668005413,
            0.31142538784250234
        ]
    }
}