{
    "static": {
        "mean": 0.5808533330094066,
        "std": 0.009142986373449938,
        "raw": [
            0.5937820619926499,
            0.5742238173869414,
            0.5745541196486283
        ]
    },
    "rar": {
        "mean": 0.48830357844157773,
        "std": 0.097954153440383,
        "raw": [
            0.5732315760241989,
            0.3510611502251714,
            0.5406180090753631
        ]
    },
    "tvar": {
        "mean": 0.39665644251159016,
        "std": 0.07571473278083914,
        "raw": [
            0.5037002223279295,
            0.34083171911310867,
            0.3454373860937322
        ]
    }
}